{
	"format_version": "1.21.11",
	"credit": "made with blockbench, by kingshephard",
	"texture_size": [64, 64],
	"textures": {
		"1": "rides/tta",
		"particle": "rides/tta"
	},
	"elements": [
		{
			"from": [-2.5, 4.625, -3.25],
			"to": [-1, 14.125, 4.75],
			"rotation": {"angle": 0, "axis": "y", "origin": [-1.5, 9.375, 28]},
			"faces": {
				"north": {"uv": [6.25, 9.75, 6.625, 12.125], "texture": "#1"},
				"east": {"uv": [6.25, 7.25, 8.25, 9.625], "texture": "#1"},
				"south": {"uv": [5.75, 9.75, 6.125, 12.125], "texture": "#1"},
				"west": {"uv": [4.25, 7.25, 6.25, 9.625], "texture": "#1"},
				"up": {"uv": [7.75, 9.75, 8.125, 11.75], "texture": "#1"}
			}
		},
		{
			"from": [-2.5, 4.125, -3.25],
			"to": [19.5, 4.625, 19.25],
			"rotation": {"angle": 0, "axis": "y", "origin": [0.5, 4.125, -4.25]},
			"faces": {
				"north": {"uv": [8.5, 7, 14, 7.125], "texture": "#1"},
				"east": {"uv": [8.5, 7, 14, 7.125], "texture": "#1"},
				"south": {"uv": [8.5, 7, 14, 7.125], "texture": "#1"},
				"west": {"uv": [8.5, 7, 14, 7.125], "texture": "#1"},
				"down": {"uv": [14, 7, 8.5, 7.125], "texture": "#1"}
			}
		},
		{
			"from": [-2.5, 4.125, 3.75],
			"to": [19.5, 4.625, 12.25],
			"rotation": {"angle": 0, "axis": "y", "origin": [0.5, 4.125, -4.25]},
			"faces": {
				"up": {"uv": [10.75, 2.125, 5.25, 0], "texture": "#1"}
			}
		},
		{
			"from": [-0.5, 6.625, 19.25],
			"to": [17.5, 14.125, 19.75],
			"rotation": {"angle": 0, "axis": "y", "origin": [0.5, 4.125, -4.25]},
			"faces": {
				"east": {"uv": [4, 7.75, 4.125, 9.625], "texture": "#1"},
				"south": {"uv": [5.25, 2.25, 9.75, 4.125], "texture": "#1"},
				"west": {"uv": [4, 7.75, 4.125, 9.625], "texture": "#1"},
				"up": {"uv": [14.25, 4.125, 9.75, 4], "texture": "#1"},
				"down": {"uv": [14, 7, 8.5, 7.125], "texture": "#1"}
			}
		},
		{
			"from": [-0.5, 4.125, 19.25],
			"to": [2.5, 6.625, 19.75],
			"rotation": {"angle": 0, "axis": "y", "origin": [0.5, 4.125, -4.25]},
			"faces": {
				"east": {"uv": [9.5, 10.5, 9.625, 11.125], "texture": "#1"},
				"south": {"uv": [2.5, 10, 3.25, 10.625], "texture": "#1"},
				"west": {"uv": [9.75, 10.5, 9.875, 11.125], "texture": "#1"},
				"down": {"uv": [11.25, 5.25, 10.5, 5.375], "texture": "#1"}
			}
		},
		{
			"from": [14.5, 4.125, 19.25],
			"to": [17.5, 6.625, 19.75],
			"rotation": {"angle": 0, "axis": "y", "origin": [0.5, 4.125, -4.25]},
			"faces": {
				"east": {"uv": [10.5, 10, 10.625, 10.625], "texture": "#1"},
				"south": {"uv": [3.25, 10, 4, 10.625], "texture": "#1"},
				"west": {"uv": [10.75, 0, 10.875, 0.625], "texture": "#1"},
				"down": {"uv": [11.25, 5.5, 10.5, 5.625], "texture": "#1"}
			}
		},
		{
			"from": [-1, 4.625, 12.25],
			"to": [18, 8.125, 18.75],
			"rotation": {"angle": 0, "axis": "y", "origin": [0.5, 4.125, -4.25]},
			"faces": {
				"north": {"uv": [8.25, 7.25, 13, 8.125], "texture": "#1"},
				"up": {"uv": [10, 5.875, 5.25, 4.25], "texture": "#1"}
			}
		},
		{
			"from": [-2, 4.625, -3.25],
			"to": [19, 16.125, -2.75],
			"rotation": {"angle": 0, "axis": "y", "origin": [0.5, 4.125, -4.25]},
			"faces": {
				"north": {"uv": [0, 0, 5.25, 2.875], "texture": "#1"},
				"east": {"uv": [10, 8.25, 10.125, 11.125], "texture": "#1"},
				"south": {"uv": [0, 3, 5.25, 5.875], "texture": "#1"},
				"west": {"uv": [10.25, 8.25, 10.375, 11.125], "texture": "#1"},
				"up": {"uv": [15, 3.875, 9.75, 3.75], "texture": "#1"}
			}
		},
		{
			"from": [0, 8.125, 18.25],
			"to": [17, 15.125, 18.75],
			"rotation": {"angle": 0, "axis": "y", "origin": [8.5, 9.625, -1.125]},
			"faces": {
				"north": {"uv": [0, 6, 4.25, 7.75], "texture": "#1"},
				"east": {"uv": [10.5, 8.25, 10.625, 10], "texture": "#1"},
				"west": {"uv": [10.5, 8.25, 10.625, 10], "texture": "#1"},
				"up": {"uv": [14.25, 4.625, 10, 4.5], "texture": "#1"}
			}
		},
		{
			"from": [0, 8.125, 13.25],
			"to": [17, 8.625, 18.25],
			"rotation": {"angle": 0, "axis": "y", "origin": [8.5, 9.625, -1.125]},
			"faces": {
				"north": {"uv": [10, 4.25, 14.25, 4.375], "texture": "#1"},
				"east": {"uv": [10, 5.75, 11.25, 5.875], "texture": "#1"},
				"west": {"uv": [10, 5.75, 11.25, 5.875], "texture": "#1"},
				"up": {"uv": [8.5, 7.25, 4.25, 6], "texture": "#1"}
			}
		},
		{
			"from": [0, 8.125, -2.75],
			"to": [17, 15.125, -2.25],
			"rotation": {"angle": 0, "axis": "y", "origin": [8.5, 9.625, 17.125]},
			"faces": {
				"east": {"uv": [10.625, 8.25, 10.5, 10], "texture": "#1"},
				"south": {"uv": [4.25, 6, 0, 7.75], "texture": "#1"},
				"west": {"uv": [10.625, 8.25, 10.5, 10], "texture": "#1"},
				"up": {"uv": [10, 4.625, 14.25, 4.5], "texture": "#1"}
			}
		},
		{
			"from": [0, 8.125, -2.25],
			"to": [17, 8.625, 2.75],
			"rotation": {"angle": 0, "axis": "y", "origin": [8.5, 9.625, 17.125]},
			"faces": {
				"east": {"uv": [11.25, 5.75, 10, 5.875], "texture": "#1"},
				"south": {"uv": [14.25, 4.25, 10, 4.375], "texture": "#1"},
				"west": {"uv": [11.25, 5.75, 10, 5.875], "texture": "#1"},
				"up": {"uv": [4.25, 7.25, 8.5, 6], "texture": "#1"}
			}
		},
		{
			"from": [-1, 4.625, -2.75],
			"to": [18, 8.125, 3.75],
			"rotation": {"angle": 0, "axis": "y", "origin": [0.5, 4.125, 20.25]},
			"faces": {
				"south": {"uv": [13, 7.25, 8.25, 8.125], "texture": "#1"},
				"up": {"uv": [10, 4.25, 5.25, 5.875], "texture": "#1"}
			}
		},
		{
			"from": [-2, 4.625, 18.75],
			"to": [19, 16.125, 19.25],
			"rotation": {"angle": 0, "axis": "y", "origin": [0.5, 4.125, -4.25]},
			"faces": {
				"north": {"uv": [0, 3, 5.25, 5.875], "texture": "#1"},
				"east": {"uv": [10.25, 8.25, 10.375, 11.125], "texture": "#1"},
				"south": {"uv": [0, 0, 5.25, 2.875], "texture": "#1"},
				"west": {"uv": [10.25, 8.25, 10.375, 11.125], "texture": "#1"},
				"up": {"uv": [15, 3.875, 9.75, 3.75], "texture": "#1"}
			}
		},
		{
			"from": [-0.5, 6.625, -3.75],
			"to": [17.5, 14.125, -3.25],
			"rotation": {"angle": 0, "axis": "y", "origin": [0.5, 4.125, -4.25]},
			"faces": {
				"north": {"uv": [5.25, 2.25, 9.75, 4.125], "texture": "#1"},
				"east": {"uv": [8.25, 10.5, 8.375, 12.375], "texture": "#1"},
				"west": {"uv": [4, 7.75, 4.125, 9.625], "texture": "#1"},
				"up": {"uv": [9.75, 4, 14.25, 4.125], "texture": "#1"},
				"down": {"uv": [14, 7, 8.5, 7.125], "texture": "#1"}
			}
		},
		{
			"from": [14.5, 4.125, -3.75],
			"to": [17.5, 6.625, -3.25],
			"rotation": {"angle": 0, "axis": "y", "origin": [0.5, 4.125, -4.25]},
			"faces": {
				"north": {"uv": [1, 10, 1.75, 10.625], "texture": "#1"},
				"east": {"uv": [8.5, 10.5, 8.625, 11.125], "texture": "#1"},
				"west": {"uv": [8.75, 10.5, 8.875, 11.125], "texture": "#1"},
				"down": {"uv": [11.25, 4.75, 10.5, 4.875], "texture": "#1"}
			}
		},
		{
			"from": [-0.5, 4.125, -3.75],
			"to": [2.5, 6.625, -3.25],
			"rotation": {"angle": 0, "axis": "y", "origin": [0.5, 4.125, -4.25]},
			"faces": {
				"north": {"uv": [1.75, 10, 2.5, 10.625], "texture": "#1"},
				"east": {"uv": [9, 10.5, 9.125, 11.125], "texture": "#1"},
				"west": {"uv": [9.25, 10.5, 9.375, 11.125], "texture": "#1"},
				"down": {"uv": [11.25, 5, 10.5, 5.125], "texture": "#1"}
			}
		},
		{
			"from": [3, 4.125, -4.75],
			"to": [14, 6.125, -3.25],
			"rotation": {"angle": 0, "axis": "y", "origin": [0.5, 4.125, -4.25]},
			"faces": {
				"north": {"uv": [8.5, 6, 11.25, 6.5], "texture": "#1"},
				"east": {"uv": [10, 4.75, 10.375, 5.25], "texture": "#1"},
				"west": {"uv": [10, 5.25, 10.375, 5.75], "texture": "#1"},
				"up": {"uv": [11.25, 6.875, 8.5, 6.5], "texture": "#1"},
				"down": {"uv": [12.5, 2.25, 9.75, 2.625], "texture": "#1"}
			}
		},
		{
			"from": [3, 4.125, 19.25],
			"to": [14, 6.125, 20.75],
			"rotation": {"angle": 0, "axis": "y", "origin": [8.5, 5.125, 22]},
			"faces": {
				"east": {"uv": [10, 5.25, 10.375, 5.75], "texture": "#1"},
				"south": {"uv": [8.5, 6, 11.25, 6.5], "texture": "#1"},
				"west": {"uv": [10, 4.75, 10.375, 5.25], "texture": "#1"},
				"up": {"uv": [8.5, 6.5, 11.25, 6.875], "texture": "#1"},
				"down": {"uv": [9.75, 2.25, 12.5, 2.625], "texture": "#1"}
			}
		},
		{
			"from": [3, 5.125, -6.25],
			"to": [14, 5.125, -4.75],
			"rotation": {"angle": 0, "axis": "y", "origin": [0.5, 4.125, -4.25]},
			"faces": {
				"up": {"uv": [12.5, 3.125, 9.75, 2.75], "texture": "#1"}
			}
		},
		{
			"from": [3, 5.125, 20.75],
			"to": [14, 5.125, 22.25],
			"rotation": {"angle": 0, "axis": "y", "origin": [0.5, 4.125, -4.25]},
			"faces": {
				"up": {"uv": [12.5, 3.625, 9.75, 3.25], "texture": "#1"}
			}
		},
		{
			"from": [18, 4.625, 11.25],
			"to": [19.5, 14.125, 19.25],
			"rotation": {"angle": 0, "axis": "y", "origin": [18.5, 9.375, -12]},
			"faces": {
				"north": {"uv": [5.75, 9.75, 6.125, 12.125], "texture": "#1"},
				"east": {"uv": [1.625, 13.25, 3.625, 15.625], "texture": "#1"},
				"south": {"uv": [6.25, 9.75, 6.625, 12.125], "texture": "#1"},
				"west": {"uv": [6.25, 7.25, 8.25, 9.625], "texture": "#1"},
				"up": {"uv": [8.125, 11.75, 7.75, 9.75], "texture": "#1"}
			}
		},
		{
			"from": [18, 4.625, -3.25],
			"to": [19.5, 14.125, 4.75],
			"rotation": {"angle": 0, "axis": "y", "origin": [18.5, 9.375, 28]},
			"faces": {
				"north": {"uv": [6.625, 9.75, 6.25, 12.125], "texture": "#1"},
				"east": {"uv": [3.625, 13.25, 1.625, 15.625], "texture": "#1"},
				"south": {"uv": [6.125, 9.75, 5.75, 12.125], "texture": "#1"},
				"west": {"uv": [8.25, 7.25, 6.25, 9.625], "texture": "#1"},
				"up": {"uv": [8.125, 9.75, 7.75, 11.75], "texture": "#1"}
			}
		},
		{
			"from": [18, 4.625, 4.75],
			"to": [19.5, 13.125, 11.25],
			"rotation": {"angle": 0, "axis": "y", "origin": [18.5, 9.375, -12]},
			"faces": {
				"east": {"uv": [3.625, 13.5, 5.25, 15.625], "texture": "#1"},
				"west": {"uv": [4, 9.75, 5.625, 11.875], "texture": "#1"},
				"up": {"uv": [0.875, 11.5, 0.5, 9.875], "texture": "#1"}
			}
		},
		{
			"from": [-2.5, 4.625, 11.25],
			"to": [-1, 14.125, 19.25],
			"rotation": {"angle": 0, "axis": "y", "origin": [-1.5, 9.375, -12]},
			"faces": {
				"north": {"uv": [6.125, 9.75, 5.75, 12.125], "texture": "#1"},
				"east": {"uv": [8.25, 7.25, 6.25, 9.625], "texture": "#1"},
				"south": {"uv": [6.625, 9.75, 6.25, 12.125], "texture": "#1"},
				"west": {"uv": [6.25, 7.25, 4.25, 9.625], "texture": "#1"},
				"up": {"uv": [7.75, 11.75, 8.125, 9.75], "texture": "#1"}
			}
		}
	],
	"display": {
		"thirdperson_righthand": {
			"rotation": [90, 0, 0],
			"translation": [-6, -2, -4],
			"scale": [2, 2, 2]
		},
		"thirdperson_lefthand": {
			"rotation": [90, 0, 0],
			"translation": [-6, -2, -4],
			"scale": [2, 2, 2]
		},
		"head": {
			"translation": [0, -30.75, 0],
			"scale": [3.2, 3.2, 3.2]
		}
	},
	"groups": [
		{
			"name": "group",
			"origin": [-1.5, 9.375, -12],
			"color": 0,
			"children": [0, 1, 2, 3, 4, 5, 6, 7, 8, 9, 10, 11, 12, 13, 14, 15, 16, 17, 18, 19, 20, 21, 22, 23, 24]
		}
	]
}